,fiction,nonfiction
0,Fiction,Fiction
1,Fiction,Fiction
2,Fiction,Fiction
3,Nonfiction,Fiction
4,Fiction,Fiction
5,Fiction,Fiction
6,Fiction,Fiction
7,Fiction,Fiction
8,Fiction,Fiction
9,Fiction,Fiction
10,Fiction,Fiction
11,Fiction,Fiction
12,Fiction,Fiction
13,Fiction,Fiction
14,Fiction,Fiction
15,Fiction,Fiction
16,Fiction,Fiction
17,Fiction,Fiction
18,Fiction,Fiction
19,Nonfiction,Fiction
20,Fiction,Fiction
21,Nonfiction,Fiction
22,Nonfiction,Fiction
23,Fiction,Fiction
24,Fiction,Fiction
25,Nonfiction,Fiction
26,Fiction,Fiction
27,Nonfiction,Fiction
28,Nonfiction,Fiction
29,Fiction,Fiction
30,Fiction,Fiction
31,Fiction,Fiction
32,Fiction,Fiction
33,Fiction,Fiction
34,Nonfiction,Fiction
35,Nonfiction,Fiction
36,Fiction,Fiction
37,Fiction,Fiction
38,Nonfiction,Fiction
39,Fiction,Fiction
40,Nonfiction,Fiction
41,Nonfiction,Fiction
42,Fiction,Fiction
43,Fiction,Fiction
44,Fiction,Fiction
45,Fiction,Fiction
46,Fiction,Fiction
47,Nonfiction,Fiction
48,Fiction,Fiction
49,Fiction,Fiction
50,Fiction,Fiction
51,Fiction,Fiction
52,Nonfiction,Fiction
53,Fiction,Fiction
54,Fiction,Fiction
55,Nonfiction,Fiction
56,Fiction,Fiction
57,Fiction,Fiction
58,Fiction,Fiction
59,Fiction,Fiction
60,Fiction,Fiction
61,Fiction,Fiction
62,Fiction,Fiction
63,Fiction,Fiction
64,Fiction,Fiction
65,Nonfiction,Fiction
66,Fiction,Fiction
67,Nonfiction,Fiction
68,Nonfiction,Fiction
69,Nonfiction,Fiction
70,Fiction,Fiction
71,Fiction,Fiction
72,Nonfiction,Fiction
73,Nonfiction,Fiction
74,Nonfiction,Fiction
75,Nonfiction,Fiction
76,Fiction,Fiction
77,Fiction,Fiction
78,Fiction,Fiction
79,Fiction,Fiction
80,Fiction,Fiction
81,Nonfiction,Fiction
82,Nonfiction,Fiction
83,Nonfiction,Fiction
84,Nonfiction,Fiction
85,Nonfiction,Fiction
86,Nonfiction,Fiction
87,Fiction,Fiction
88,Fiction,Fiction
89,Fiction,Fiction
90,Fiction,Fiction
91,Fiction,Fiction
92,Nonfiction,Fiction
93,Fiction,Fiction
94,Fiction,Fiction
95,Fiction,Fiction
96,Fiction,Fiction
97,Fiction,Fiction
98,Fiction,Fiction
99,Fiction,Fiction
100,Nonfiction,Fiction
101,Fiction,Fiction
102,Fiction,Fiction
103,Nonfiction,Fiction
104,Fiction,Fiction
105,Fiction,Fiction
106,Fiction,Fiction
107,Fiction,Fiction
108,Fiction,Fiction
109,Nonfiction,Fiction
110,Fiction,Fiction
111,Fiction,Fiction
112,Nonfiction,Fiction
113,Fiction,Fiction
114,Fiction,Fiction
115,Fiction,Fiction
116,Nonfiction,Fiction
117,Fiction,Fiction
118,Nonfiction,Fiction
119,Nonfiction,Fiction
120,Fiction,Fiction
121,Fiction,Fiction
122,Nonfiction,Fiction
123,Fiction,Fiction
124,Fiction,Fiction
125,Nonfiction,Fiction
126,Fiction,Fiction
127,Fiction,Fiction
128,Fiction,Fiction
129,Fiction,Fiction
130,Fiction,Fiction
131,Fiction,Fiction
132,Fiction,Fiction
133,Fiction,Fiction
134,Fiction,Fiction
135,Fiction,Fiction
136,Fiction,Fiction
137,Nonfiction,Fiction
138,Fiction,Fiction
139,Fiction,Fiction
140,Fiction,Fiction
141,Fiction,Fiction
142,Fiction,Fiction
143,Nonfiction,Fiction
144,Fiction,Fiction
145,Fiction,Fiction
146,Nonfiction,Fiction
147,Nonfiction,Fiction
148,Fiction,Fiction
149,Nonfiction,Fiction
150,Fiction,Fiction
151,Fiction,Fiction
152,Fiction,Fiction
153,Fiction,Fiction
154,Fiction,Fiction
155,Fiction,Fiction
156,Nonfiction,Fiction
157,Fiction,Fiction
158,Fiction,Fiction
159,Nonfiction,Fiction
160,Fiction,Fiction
161,Fiction,Fiction
162,Nonfiction,Fiction
163,Nonfiction,Fiction
164,Fiction,Fiction
165,Nonfiction,Fiction
166,Fiction,Fiction
167,Nonfiction,Fiction
168,Fiction,Fiction
169,Fiction,Fiction
170,Fiction,Fiction
171,Fiction,Fiction
172,Nonfiction,Fiction
173,Nonfiction,Fiction
174,Nonfiction,Fiction
175,Fiction,Fiction
176,Fiction,Fiction
177,Nonfiction,Fiction
178,Nonfiction,Fiction
179,Fiction,Fiction
180,Fiction,Fiction
181,Fiction,Fiction
182,Fiction,Fiction
183,Nonfiction,Fiction
184,Fiction,Fiction
185,Nonfiction,Fiction
186,Fiction,Fiction
187,Nonfiction,Fiction
188,Nonfiction,Fiction
189,Nonfiction,Fiction
190,Fiction,Fiction
191,Fiction,Fiction
192,Fiction,Fiction
193,Fiction,Fiction
194,Fiction,Fiction
195,Nonfiction,Fiction
196,Fiction,Fiction
197,Fiction,Fiction
198,Fiction,Fiction
199,Fiction,Fiction
200,Nonfiction,Fiction
201,Fiction,Fiction
202,Nonfiction,Fiction
203,Fiction,Fiction
204,Nonfiction,Fiction
205,Fiction,Fiction
206,Fiction,Fiction
207,Nonfiction,Fiction
208,Fiction,Fiction
209,Fiction,Fiction
210,Nonfiction,Fiction
211,Nonfiction,Fiction
212,Fiction,Fiction
213,Nonfiction,Fiction
214,Fiction,Fiction
215,Fiction,Fiction
216,Fiction,Fiction
217,Fiction,Fiction
218,Nonfiction,Fiction
219,Fiction,Fiction
220,Fiction,Fiction
221,Nonfiction,Fiction
222,Fiction,Fiction
223,Fiction,Fiction
224,Fiction,Fiction
225,Fiction,Fiction
226,Fiction,Fiction
227,Nonfiction,Fiction
228,Fiction,Fiction
229,Nonfiction,Fiction
230,Fiction,Fiction
231,Fiction,Fiction
232,Fiction,Fiction
233,Fiction,Fiction
234,Nonfiction,Fiction
235,Fiction,Fiction
236,Nonfiction,Fiction
237,Fiction,Fiction
238,Fiction,Fiction
239,Fiction,Fiction
240,Fiction,Fiction
241,Fiction,Fiction
242,Fiction,Fiction
243,Fiction,Fiction
244,Fiction,Fiction
245,Nonfiction,Fiction
246,Fiction,Fiction
247,Fiction,Fiction
248,Fiction,Fiction
249,Fiction,Fiction
250,Nonfiction,Fiction
251,Nonfiction,Fiction
252,Nonfiction,Fiction
253,Nonfiction,Fiction
254,Fiction,Fiction
255,Fiction,Fiction
256,Nonfiction,Fiction
257,Fiction,Fiction
258,Nonfiction,Fiction
259,Fiction,Fiction
260,Nonfiction,Fiction
261,Nonfiction,Fiction
262,Nonfiction,Fiction
263,Fiction,Fiction
264,Nonfiction,Fiction
265,Nonfiction,Fiction
266,Fiction,Fiction
267,Fiction,Fiction
268,Fiction,Fiction
269,Fiction,Fiction
270,Fiction,Fiction
271,Fiction,Fiction
272,Fiction,Fiction
273,Nonfiction,Fiction
274,Nonfiction,Fiction
275,Fiction,Fiction
276,Nonfiction,Fiction
277,Fiction,Fiction
278,Fiction,Fiction
279,Fiction,Fiction
280,Fiction,Fiction
281,Nonfiction,Fiction
282,Fiction,Fiction
283,Fiction,Fiction
284,Nonfiction,Fiction
285,Fiction,Fiction
286,Fiction,Fiction
287,Fiction,Fiction
288,Fiction,Fiction
289,Fiction,Fiction
290,Nonfiction,Fiction
291,Fiction,Fiction
292,Nonfiction,Fiction
293,Fiction,Fiction
294,Nonfiction,Fiction
295,Nonfiction,Fiction
296,Fiction,Fiction
297,Nonfiction,Fiction
298,Fiction,Fiction
299,Fiction,Fiction
300,Nonfiction,Nonfiction
301,Nonfiction,Nonfiction
302,Nonfiction,Nonfiction
303,Fiction,Nonfiction
304,Nonfiction,Nonfiction
305,Nonfiction,Nonfiction
306,Fiction,Nonfiction
307,Nonfiction,Nonfiction
308,Nonfiction,Nonfiction
309,Nonfiction,Nonfiction
310,Nonfiction,Nonfiction
311,Nonfiction,Nonfiction
312,Nonfiction,Nonfiction
313,Nonfiction,Nonfiction
314,Nonfiction,Nonfiction
315,Nonfiction,Nonfiction
316,Fiction,Nonfiction
317,Nonfiction,Nonfiction
318,Nonfiction,Nonfiction
319,Fiction,Nonfiction
320,Nonfiction,Nonfiction
321,Nonfiction,Nonfiction
322,Nonfiction,Nonfiction
323,Nonfiction,Nonfiction
324,Nonfiction,Nonfiction
325,Nonfiction,Nonfiction
326,Nonfiction,Nonfiction
327,Nonfiction,Nonfiction
328,Nonfiction,Nonfiction
329,Nonfiction,Nonfiction
330,Nonfiction,Nonfiction
331,Nonfiction,Nonfiction
332,Nonfiction,Nonfiction
333,Fiction,Nonfiction
334,Nonfiction,Nonfiction
335,Nonfiction,Nonfiction
336,Nonfiction,Nonfiction
337,Nonfiction,Nonfiction
338,Nonfiction,Nonfiction
339,Nonfiction,Nonfiction
340,Nonfiction,Nonfiction
341,Nonfiction,Nonfiction
342,Nonfiction,Nonfiction
343,Nonfiction,Nonfiction
344,Nonfiction,Nonfiction
345,Nonfiction,Nonfiction
346,Nonfiction,Nonfiction
347,Nonfiction,Nonfiction
348,Nonfiction,Nonfiction
349,Fiction,Nonfiction
350,Nonfiction,Nonfiction
351,Nonfiction,Nonfiction
352,Nonfiction,Nonfiction
353,Nonfiction,Nonfiction
354,Nonfiction,Nonfiction
355,Nonfiction,Nonfiction
356,Nonfiction,Nonfiction
357,Nonfiction,Nonfiction
358,Nonfiction,Nonfiction
359,Nonfiction,Nonfiction
360,Nonfiction,Nonfiction
361,Nonfiction,Nonfiction
362,Nonfiction,Nonfiction
363,Nonfiction,Nonfiction
364,Nonfiction,Nonfiction
365,Nonfiction,Nonfiction
366,Nonfiction,Nonfiction
367,Fiction,Nonfiction
368,Nonfiction,Nonfiction
369,Nonfiction,Nonfiction
370,Nonfiction,Nonfiction
371,Nonfiction,Nonfiction
372,Nonfiction,Nonfiction
373,Nonfiction,Nonfiction
374,Nonfiction,Nonfiction
375,Fiction,Nonfiction
376,Nonfiction,Nonfiction
377,Nonfiction,Nonfiction
378,Nonfiction,Nonfiction
379,Nonfiction,Nonfiction
380,Nonfiction,Nonfiction
381,Nonfiction,Nonfiction
382,Nonfiction,Nonfiction
383,Nonfiction,Nonfiction
384,Nonfiction,Nonfiction
385,Nonfiction,Nonfiction
386,Nonfiction,Nonfiction
387,Nonfiction,Nonfiction
388,Nonfiction,Nonfiction
389,Nonfiction,Nonfiction
390,Nonfiction,Nonfiction
391,Nonfiction,Nonfiction
392,Fiction,Nonfiction
393,Nonfiction,Nonfiction
394,Nonfiction,Nonfiction
395,Nonfiction,Nonfiction
396,Nonfiction,Nonfiction
397,Nonfiction,Nonfiction
398,Nonfiction,Nonfiction
399,Nonfiction,Nonfiction
400,Nonfiction,Nonfiction
401,Nonfiction,Nonfiction
402,Fiction,Nonfiction
403,Fiction,Nonfiction
404,Nonfiction,Nonfiction
405,Nonfiction,Nonfiction
406,Nonfiction,Nonfiction
407,Nonfiction,Nonfiction
408,Nonfiction,Nonfiction
409,Nonfiction,Nonfiction
410,Nonfiction,Nonfiction
411,Nonfiction,Nonfiction
412,Nonfiction,Nonfiction
413,Nonfiction,Nonfiction
414,Nonfiction,Nonfiction
415,Nonfiction,Nonfiction
416,Nonfiction,Nonfiction
417,Nonfiction,Nonfiction
418,Nonfiction,Nonfiction
419,Nonfiction,Nonfiction
420,Nonfiction,Nonfiction
421,Fiction,Nonfiction
422,Nonfiction,Nonfiction
423,Fiction,Nonfiction
424,Nonfiction,Nonfiction
425,Nonfiction,Nonfiction
426,Nonfiction,Nonfiction
427,Nonfiction,Nonfiction
428,Nonfiction,Nonfiction
429,Fiction,Nonfiction
430,Fiction,Nonfiction
431,Nonfiction,Nonfiction
432,Nonfiction,Nonfiction
433,Nonfiction,Nonfiction
434,Nonfiction,Nonfiction
435,Fiction,Nonfiction
436,Nonfiction,Nonfiction
437,Fiction,Nonfiction
438,Nonfiction,Nonfiction
439,Nonfiction,Nonfiction
440,Fiction,Nonfiction
441,Fiction,Nonfiction
442,Fiction,Nonfiction
443,Nonfiction,Nonfiction
444,Nonfiction,Nonfiction
445,Nonfiction,Nonfiction
446,Nonfiction,Nonfiction
447,Nonfiction,Nonfiction
448,Nonfiction,Nonfiction
449,Nonfiction,Nonfiction
450,Nonfiction,Nonfiction
451,Nonfiction,Nonfiction
452,Nonfiction,Nonfiction
453,Nonfiction,Nonfiction
454,Fiction,Nonfiction
455,Nonfiction,Nonfiction
456,Nonfiction,Nonfiction
457,Nonfiction,Nonfiction
458,Nonfiction,Nonfiction
459,Nonfiction,Nonfiction
460,Nonfiction,Nonfiction
461,Nonfiction,Nonfiction
462,Nonfiction,Nonfiction
463,Nonfiction,Nonfiction
464,Nonfiction,Nonfiction
465,Nonfiction,Nonfiction
466,Nonfiction,Nonfiction
467,Nonfiction,Nonfiction
468,Nonfiction,Nonfiction
469,Nonfiction,Nonfiction
470,Nonfiction,Nonfiction
471,Nonfiction,Nonfiction
472,Nonfiction,Nonfiction
473,Nonfiction,Nonfiction
474,Nonfiction,Nonfiction
475,Nonfiction,Nonfiction
476,Nonfiction,Nonfiction
477,Nonfiction,Nonfiction
478,Nonfiction,Nonfiction
479,Nonfiction,Nonfiction
480,Nonfiction,Nonfiction
481,Nonfiction,Nonfiction
482,Nonfiction,Nonfiction
483,Nonfiction,Nonfiction
484,Nonfiction,Nonfiction
485,Nonfiction,Nonfiction
486,Nonfiction,Nonfiction
487,Nonfiction,Nonfiction
488,Nonfiction,Nonfiction
489,Nonfiction,Nonfiction
490,Fiction,Nonfiction
491,Nonfiction,Nonfiction
492,Nonfiction,Nonfiction
493,Nonfiction,Nonfiction
494,Nonfiction,Nonfiction
495,Nonfiction,Nonfiction
496,Nonfiction,Nonfiction
497,Fiction,Nonfiction
498,Fiction,Nonfiction
499,Nonfiction,Nonfiction
500,Fiction,Nonfiction
501,Nonfiction,Nonfiction
502,Nonfiction,Nonfiction
503,Nonfiction,Nonfiction
504,Nonfiction,Nonfiction
505,Nonfiction,Nonfiction
506,Nonfiction,Nonfiction
507,Nonfiction,Nonfiction
508,Nonfiction,Nonfiction
509,Nonfiction,Nonfiction
510,Nonfiction,Nonfiction
511,Fiction,Nonfiction
512,Nonfiction,Nonfiction
513,Nonfiction,Nonfiction
514,Nonfiction,Nonfiction
515,Nonfiction,Nonfiction
516,Nonfiction,Nonfiction
517,Nonfiction,Nonfiction
518,Nonfiction,Nonfiction
519,Nonfiction,Nonfiction
520,Nonfiction,Nonfiction
521,Nonfiction,Nonfiction
522,Nonfiction,Nonfiction
523,Nonfiction,Nonfiction
524,Nonfiction,Nonfiction
525,Nonfiction,Nonfiction
526,Nonfiction,Nonfiction
527,Nonfiction,Nonfiction
528,Nonfiction,Nonfiction
529,Nonfiction,Nonfiction
530,Nonfiction,Nonfiction
531,Nonfiction,Nonfiction
532,Fiction,Nonfiction
533,Nonfiction,Nonfiction
534,Nonfiction,Nonfiction
535,Nonfiction,Nonfiction
536,Nonfiction,Nonfiction
537,Nonfiction,Nonfiction
538,Nonfiction,Nonfiction
539,Nonfiction,Nonfiction
540,Nonfiction,Nonfiction
541,Nonfiction,Nonfiction
542,Fiction,Nonfiction
543,Nonfiction,Nonfiction
544,Nonfiction,Nonfiction
545,Nonfiction,Nonfiction
546,Nonfiction,Nonfiction
547,Nonfiction,Nonfiction
548,Nonfiction,Nonfiction
549,Nonfiction,Nonfiction
550,Nonfiction,Nonfiction
551,Fiction,Nonfiction
552,Fiction,Nonfiction
553,Nonfiction,Nonfiction
554,Nonfiction,Nonfiction
555,Nonfiction,Nonfiction
556,Nonfiction,Nonfiction
557,Nonfiction,Nonfiction
558,Fiction,Nonfiction
559,Nonfiction,Nonfiction
560,Nonfiction,Nonfiction
561,Fiction,Nonfiction
562,Nonfiction,Nonfiction
563,Nonfiction,Nonfiction
564,Nonfiction,Nonfiction
565,Nonfiction,Nonfiction
566,Nonfiction,Nonfiction
567,Nonfiction,Nonfiction
568,Nonfiction,Nonfiction
569,Nonfiction,Nonfiction
570,Fiction,Nonfiction
571,Fiction,Nonfiction
572,Nonfiction,Nonfiction
573,Nonfiction,Nonfiction
574,Nonfiction,Nonfiction
575,Fiction,Nonfiction
576,Nonfiction,Nonfiction
577,Nonfiction,Nonfiction
578,Nonfiction,Nonfiction
579,Nonfiction,Nonfiction
580,Nonfiction,Nonfiction
581,Nonfiction,Nonfiction
582,Nonfiction,Nonfiction
583,Nonfiction,Nonfiction
584,Nonfiction,Nonfiction
585,Nonfiction,Nonfiction
586,Nonfiction,Nonfiction
587,Nonfiction,Nonfiction
588,Nonfiction,Nonfiction
589,Nonfiction,Nonfiction
590,Nonfiction,Nonfiction
591,Nonfiction,Nonfiction
592,Nonfiction,Nonfiction
593,Nonfiction,Nonfiction
594,Nonfiction,Nonfiction
595,Nonfiction,Nonfiction
596,Fiction,Nonfiction
597,Nonfiction,Nonfiction
598,Nonfiction,Nonfiction
599,Fiction,Nonfiction
